{"matches_played": 21, "wins": 10, "goals_for": 41, "goals_against": 26, "goals_scored_avg": 1.9523809523809523, "goals_conceded_avg": 1.2380952380952381, "win_rate": 0.47619047619047616}