{"matches_played": 21, "wins": 12, "goals_for": 30, "goals_against": 20, "goals_scored_avg": 1.4285714285714286, "goals_conceded_avg": 0.9523809523809523, "win_rate": 0.5714285714285714}