{"matches_played": 27, "wins": 14, "goals_for": 40, "goals_against": 35, "goals_scored_avg": 1.4814814814814814, "goals_conceded_avg": 1.2962962962962963, "win_rate": 0.5185185185185185}