{"matches_played": 21, "wins": 7, "goals_for": 32, "goals_against": 30, "goals_scored_avg": 1.5238095238095237, "goals_conceded_avg": 1.4285714285714286, "win_rate": 0.3333333333333333}