{"matches_played": 27, "wins": 16, "goals_for": 52, "goals_against": 21, "goals_scored_avg": 1.9259259259259258, "goals_conceded_avg": 0.7777777777777778, "win_rate": 0.5925925925925926}