{"matches_played": 21, "wins": 3, "goals_for": 20, "goals_against": 37, "goals_scored_avg": 0.9523809523809523, "goals_conceded_avg": 1.7619047619047619, "win_rate": 0.14285714285714285}