{"matches_played": 21, "wins": 11, "goals_for": 37, "goals_against": 22, "goals_scored_avg": 1.7619047619047619, "goals_conceded_avg": 1.0476190476190477, "win_rate": 0.5238095238095238}