{"matches_played": 26, "wins": 20, "goals_for": 61, "goals_against": 21, "goals_scored_avg": 2.3461538461538463, "goals_conceded_avg": 0.8076923076923077, "win_rate": 0.7692307692307693}