{"matches_played": 21, "wins": 5, "goals_for": 23, "goals_against": 28, "goals_scored_avg": 1.0952380952380953, "goals_conceded_avg": 1.3333333333333333, "win_rate": 0.23809523809523808}