{"matches_played": 21, "wins": 8, "goals_for": 40, "goals_against": 37, "goals_scored_avg": 1.9047619047619047, "goals_conceded_avg": 1.7619047619047619, "win_rate": 0.38095238095238093}