{"matches_played": 21, "wins": 7, "goals_for": 27, "goals_against": 41, "goals_scored_avg": 1.2857142857142858, "goals_conceded_avg": 1.9523809523809523, "win_rate": 0.3333333333333333}