{"matches_played": 21, "wins": 4, "goals_for": 31, "goals_against": 48, "goals_scored_avg": 1.4761904761904763, "goals_conceded_avg": 2.2857142857142856, "win_rate": 0.19047619047619047}