{"matches_played": 21, "wins": 9, "goals_for": 32, "goals_against": 25, "goals_scored_avg": 1.5238095238095237, "goals_conceded_avg": 1.1904761904761905, "win_rate": 0.42857142857142855}