{"matches_played": 21, "wins": 1, "goals_for": 13, "goals_against": 47, "goals_scored_avg": 0.6190476190476191, "goals_conceded_avg": 2.238095238095238, "win_rate": 0.047619047619047616}